username,gender,favoriteGenre,schedule,is_competitive
ShadowWolf,Female,Cozy,Evenings,True
CasualCat,Male,Survival,Evenings,False
EliteSniper,Male,Action,Weekends,True
RelaxedRaven,Female,Action,Weekends,False
TryHardTim,Male,Simulation,Evenings,True
ChillGamer,Other,Strategy,Evenings,False
SweatMaster,Male,Action,Afternoons,True
CozyKoala,Female,Cozy,Evenings,False
ProDestroyer,Female,Horror,Mornings,True
ZenZebra,Male,Action,Mornings,False
SomeGuyPlayingGames,Male,Action,Mornings,False
VoidCipher,Male,Survival,Evenings,False
NeonOblivion,Male,Survival,Evenings,False
FrostbiteZero,Male,Simulation,Evenings,True
EchoRogue,Male,Simulation,Evenings,True
GlitchMuse,Female,Horror,Mornings,True
SoraYume,Other,Action,Weekends,True
ByteCrafter,Other,Action,Weekends,True
GalCoder_99,Other,Action,Weekends,True
Gamergirl124,Female,Cozy,Evenings,True
F1ShadowDrift,Male,Action,Weekends,True
MoonberryMist,Female,Action,Weekends,False
PulseRider01,Male,Action,Weekends,True
CozyCrafter02,Female,Cozy,Evenings,True
NightStalker03,Other,Horror,Nights,True
SunriseSim04,Male,Simulation,Mornings,True
StratSage05,Female,Strategy,Afternoons,True
SurvivorHex06,Other,Survival,Weekends,True
ArcBolt07,Male,Action,Evenings,True
HearthNook08,Female,Cozy,Mornings,True
GrimWhisper09,Other,Horror,Afternoons,True
SimPilot10,Male,Simulation,Weekends,True
MindMarshal11,Female,Strategy,Evenings,True
TrailForager12,Other,Survival,Mornings,True
VortexStrike13,Male,Action,Afternoons,True
TeaKettle14,Female,Cozy,Weekends,True
EchoFear15,Other,Horror,Evenings,True
PixelTycoon16,Male,Simulation,Mornings,True
PlanOracle17,Female,Strategy,Weekends,True
FeralHaven18,Other,Survival,Afternoons,True
TurboShade19,Male,Action,Mornings,True
QuiltNest20,Female,Cozy,Afternoons,True
CryptMoan21,Other,Horror,Weekends,True
FarmModeler22,Male,Simulation,Evenings,True
RouteGeneral23,Female,Strategy,Mornings,True
FrostForage24,Other,Survival,Evenings,True
DashRaptor25,Male,Action,Weekends,True
MugMittens26,Female,Cozy,Mornings,True
GloomHiss27,Other,Horror,Afternoons,True
MetroBuilder28,Male,Simulation,Weekends,True
ChessPilot29,Female,Strategy,Evenings,True
CinderScout30,Other,Survival,Mornings,True
BladeRelay31,Male,Action,Afternoons,True
CocoaCove32,Female,Cozy,Evenings,True
ShadowShriek33,Other,Horror,Weekends,True
AeroController34,Male,Simulation,Mornings,True
MapMatron35,Female,Strategy,Afternoons,True
FlintForager36,Other,Survival,Weekends,True
NovaDash37,Male,Action,Evenings,True
SnugHarbor38,Female,Cozy,Mornings,True
DreadStatic39,Other,Horror,Afternoons,True
CityPlanner40,Male,Simulation,Weekends,True
TacticMuse41,Female,Strategy,Evenings,True
ThornGather42,Other,Survival,Mornings,True
RiftRunner43,Male,Action,Afternoons,True
BlanketBay44,Female,Cozy,Weekends,True
WailChamber45,Other,Horror,Evenings,True
SimSmith46,Male,Simulation,Mornings,True
RouteRegent47,Female,Strategy,Weekends,True
EmberForage48,Other,Survival,Afternoons,True
JetSaber49,Male,Action,Mornings,True
FireplaceFawn50,Female,Cozy,Afternoons,True
HauntLilt51,Other,Horror,Weekends,True
GridCrafter52,Male,Simulation,Evenings,True
StratSeer53,Female,Strategy,Mornings,True
StoneScavenge54,Other,Survival,Evenings,True
FlashPounce55,Male,Action,Weekends,True
WarmCushion56,Female,Cozy,Mornings,True
HorrorHush57,Other,Horror,Afternoons,True
TransitTutor58,Male,Simulation,Weekends,True
PlanWeaver59,Female,Strategy,Evenings,True
BirchForager60,Other,Survival,Mornings,True
RushVolt61,Male,Action,Afternoons,True
KnitNiche62,Female,Cozy,Evenings,True
GraveRattle63,Other,Horror,Weekends,True
FactoryGuru64,Male,Simulation,Mornings,True
CounterQueen65,Female,Strategy,Afternoons,True
RidgeRation66,Other,Survival,Weekends,True
PierceComet67,Male,Action,Evenings,True
CandleDen68,Female,Cozy,Mornings,True
NightMurmur69,Other,Horror,Afternoons,True
TycoonTinker70,Male,Simulation,Weekends,True
GamePlanner71,Female,Strategy,Evenings,True
FlareForage72,Other,Survival,Mornings,True
StormDrift73,Male,Action,Afternoons,True
PlushParlor74,Female,Cozy,Weekends,True
TombWhisper75,Other,Horror,Evenings,True
ModelMaker76,Male,Simulation,Mornings,True
MoveMaster77,Female,Strategy,Weekends,True
MossGather78,Other,Survival,Afternoons,True
QuakeSlash79,Male,Action,Mornings,True
CocoaHollow80,Female,Cozy,Afternoons,True
WebCreep81,Other,Horror,Weekends,True
EngineSculpt82,Male,Simulation,Evenings,True
PlanPilot83,Female,Strategy,Mornings,True
TwigSeeker84,Other,Survival,Evenings,True
ZapGlider85,Male,Action,Weekends,True
SnugNester86,Female,Cozy,Mornings,True
FogWarden87,Other,Horror,Afternoons,True
LogiBuilder88,Male,Simulation,Weekends,True
ChessChronicler89,Female,Strategy,Evenings,True
PineRanger90,Other,Survival,Mornings,True
FuryVector91,Male,Action,Afternoons,True
CozyClef92,Female,Cozy,Evenings,True
CryptClatter93,Other,Horror,Weekends,True
GridMason94,Male,Simulation,Mornings,True
StratScribe95,Female,Strategy,Afternoons,True
FlintPicker96,Other,Survival,Weekends,True
BoltVoyager97,Male,Action,Evenings,True
VelvetNook98,Female,Cozy,Mornings,True
GhastRipple99,Other,Horror,Afternoons,True
CircuitTycoon100,Male,Simulation,Weekends,True
PlanTactician101,Female,Strategy,Evenings,True
BriarGather102,Other,Survival,Mornings,True
RazorSkate103,Male,Action,Afternoons,True
CupOfCalm104,Female,Cozy,Weekends,True
HowlChill105,Other,Horror,Evenings,True
MacroManager106,Male,Simulation,Mornings,True
StratAnchor107,Female,Strategy,Weekends,True
ThicketHunt108,Other,Survival,Afternoons,True
SprintCipher109,Male,Action,Mornings,True
BlanketBurrow110,Female,Cozy,Afternoons,True
MireWisp111,Other,Horror,Weekends,True
PlantPlanner112,Male,Simulation,Evenings,True
CounterCrafter113,Female,Strategy,Mornings,True
GraniteGlean114,Other,Survival,Evenings,True
VoltRanger115,Male,Action,Weekends,True
CocoaCabin116,Female,Cozy,Mornings,True
SpecterSigh117,Other,Horror,Afternoons,True
AssemblerAce118,Male,Simulation,Weekends,True
PlanMarshal119,Female,Strategy,Evenings,True
ReedRover120,Other,Survival,Mornings,True
OrcaWalker121,Male,Cozy,Mornings,True
CometAnchor122,Female,Survival,Afternoons,True
KestrelHarbor123,Other,Action,Evenings,True
PumaWarden124,Male,Horror,Weekends,True
PulseWeaver125,Female,Simulation,Mornings,True
PumaScout126,Other,Strategy,Afternoons,True
GhostGlider127,Male,Cozy,Evenings,True
LumenArchitect128,Female,Survival,Weekends,True
NebulaDrifter129,Other,Action,Mornings,True
MooseWeaver130,Male,Horror,Afternoons,True
PhantomMonk131,Female,Simulation,Evenings,True
MooseCaster132,Other,Strategy,Weekends,True
LynxSamurai133,Male,Cozy,Mornings,True
TurboCaster134,Female,Survival,Afternoons,True
EchoRunner135,Other,Action,Evenings,True
OrcaOperator136,Male,Horror,Weekends,True
PumaDrifter137,Female,Simulation,Mornings,True
VortexGeneral138,Other,Strategy,Afternoons,True
GlitchTracker139,Male,Cozy,Evenings,True
TalonMonk140,Female,Survival,Weekends,True
GhostTracker141,Other,Action,Mornings,True
ArcSamurai142,Male,Horror,Afternoons,True
OrcaRunner143,Female,Simulation,Evenings,True
StrideRanger144,Other,Strategy,Weekends,True
PixelOracle145,Male,Cozy,Mornings,True
PhantomMancer146,Female,Survival,Afternoons,True
IbexTinker147,Other,Action,Evenings,True
AtlasMonk148,Male,Horror,Weekends,True
TurboCaster149,Female,Simulation,Mornings,True
ZenSeeker150,Other,Strategy,Afternoons,True
MantaSamurai151,Male,Cozy,Evenings,True
ViperAlchemist152,Female,Survival,Weekends,True
PhantomMancer153,Other,Action,Mornings,True
CipherChief154,Male,Horror,Afternoons,True
StrideKnight155,Female,Simulation,Evenings,True
NovaHarbor156,Other,Strategy,Weekends,True
OtterDrifter157,Male,Cozy,Mornings,True
FrostWeaver158,Female,Survival,Afternoons,True
AeroRanger159,Other,Action,Evenings,True
FlarePilot160,Male,Horror,Weekends,True
MythNomad161,Female,Simulation,Mornings,True
LumenGunner162,Other,Strategy,Afternoons,True
PixelRover163,Male,Cozy,Evenings,True
EchoGunner164,Female,Survival,Weekends,True
ForgeMarshal165,Other,Action,Mornings,True
ShadowNomad166,Male,Horror,Afternoons,True
NimbusRanger167,Female,Simulation,Evenings,True
PhantomRanger168,Other,Strategy,Weekends,True
OtterHarbor169,Male,Cozy,Mornings,True
BlitzNomad170,Female,Survival,Afternoons,True
MooseRover171,Other,Action,Evenings,True
ForgeMonk172,Male,Horror,Weekends,True
OtterCrafter173,Female,Simulation,Mornings,True
VortexRanger174,Other,Strategy,Afternoons,True
GlitchBreaker175,Male,Cozy,Evenings,True
ShadowWarden176,Female,Survival,Weekends,True
TurboChief177,Other,Action,Mornings,True
MinkScout178,Male,Horror,Afternoons,True
ForgeSamurai179,Female,Simulation,Evenings,True
BisonDrifter180,Other,Strategy,Weekends,True
RavenMaestro181,Male,Cozy,Mornings,True
RuneSprinter182,Female,Survival,Afternoons,True
LumenGlider183,Other,Action,Evenings,True
RuneChief184,Male,Horror,Weekends,True
CometWarden185,Female,Simulation,Mornings,True
EchoTinker186,Other,Strategy,Afternoons,True
IbisPlanner187,Male,Cozy,Evenings,True
ShadowVoyager188,Female,Survival,Weekends,True
VortexOperator189,Other,Action,Mornings,True
CometWalker190,Male,Horror,Afternoons,True
AeroVoyager191,Female,Simulation,Evenings,True
NebulaGunner192,Other,Strategy,Weekends,True
NimbusBuilder193,Male,Cozy,Mornings,True
ForgeAlchemist194,Female,Survival,Afternoons,True
BisonHarbor195,Other,Action,Evenings,True
ShadowMaestro196,Male,Horror,Weekends,True
YakVoyager197,Female,Simulation,Mornings,True
OrcaTycoon198,Other,Strategy,Afternoons,True
RavenTinker199,Male,Cozy,Evenings,True
MantaWarden200,Female,Survival,Weekends,True
JaguarTycoon201,Other,Action,Mornings,True
WolfForeman202,Male,Horror,Afternoons,True
AeroSamurai203,Female,Simulation,Evenings,True
VoltRunner204,Other,Strategy,Weekends,True
BisonAlchemist205,Male,Cozy,Mornings,True
PumaRover206,Female,Survival,Afternoons,True
JaguarTycoon207,Other,Action,Evenings,True
IbisMarshal208,Male,Horror,Weekends,True
FalconSeeker209,Female,Simulation,Mornings,True
OrcaCaster210,Other,Strategy,Afternoons,True
NebulaOperator211,Male,Cozy,Evenings,True
MooseTinker212,Female,Survival,Weekends,True
FlareNomad213,Other,Action,Mornings,True
WolfBuilder214,Male,Horror,Afternoons,True
OrcaRonin215,Female,Simulation,Evenings,True
VoltEngineer216,Other,Strategy,Weekends,True
PixelGeneral217,Male,Cozy,Mornings,True
PixelHarbor218,Female,Survival,Afternoons,True
MooseVoyager219,Other,Action,Evenings,True
ZenSamurai220,Male,Horror,Weekends,True
LynxRonin221,Female,Simulation,Mornings,True
BlitzGeneral222,Other,Strategy,Afternoons,True
TalonPlanner223,Male,Cozy,Evenings,True
IbexSaber224,Female,Survival,Weekends,True
KestrelGeneral225,Other,Action,Mornings,True
YakSeeker226,Male,Horror,Afternoons,True
JaguarCrafter227,Female,Simulation,Evenings,True
ShadowWizard228,Other,Strategy,Weekends,True
YakChief229,Male,Cozy,Mornings,True
NebulaMarshal230,Female,Survival,Afternoons,True
GhostSniper231,Other,Action,Evenings,True
PumaGeneral232,Male,Horror,Weekends,True
AtlasNomad233,Female,Simulation,Mornings,True
MinkSniper234,Other,Strategy,Afternoons,True
HuskyTracker235,Male,Cozy,Evenings,True
KestrelSamurai236,Female,Survival,Weekends,True
MinkMonk237,Other,Action,Mornings,True
FalconWeaver238,Male,Horror,Afternoons,True
CipherTycoon239,Female,Simulation,Evenings,True
MinkWizard240,Other,Strategy,Weekends,True
TurboTycoon241,Male,Cozy,Mornings,True
WolfAnchor242,Female,Survival,Afternoons,True
BisonChief243,Other,Action,Evenings,True
OtterTinker244,Male,Horror,Weekends,True
IbexArchitect245,Female,Simulation,Mornings,True
HuskyScout246,Other,Strategy,Afternoons,True
GhostHarbor247,Male,Cozy,Evenings,True
PulseWeaver248,Female,Survival,Weekends,True
WolfCrafter249,Other,Action,Mornings,True
PixelWarden250,Male,Horror,Afternoons,True
VortexArchitect251,Female,Simulation,Evenings,True
CipherSkater252,Other,Strategy,Weekends,True
NovaVoyager253,Male,Cozy,Mornings,True
BlitzBreaker254,Female,Survival,Afternoons,True
MooseBreaker255,Other,Action,Evenings,True
GlitchSmith256,Male,Horror,Weekends,True
NebulaAlchemist257,Female,Simulation,Mornings,True
PumaMaestro258,Other,Strategy,Afternoons,True
ShadowBreaker259,Male,Cozy,Evenings,True
PixelRonin260,Female,Survival,Weekends,True
PulseSmith261,Other,Action,Mornings,True
RuneViking262,Male,Horror,Afternoons,True
ZenBreaker263,Female,Simulation,Evenings,True
BlitzTracker264,Other,Strategy,Weekends,True
CometNomad265,Male,Cozy,Mornings,True
BisonGlider266,Female,Survival,Afternoons,True
IbisMonk267,Other,Action,Evenings,True
AtlasArchitect268,Male,Horror,Weekends,True
RavenSkater269,Female,Simulation,Mornings,True
YakRanger270,Other,Strategy,Afternoons,True
NebulaMonk271,Male,Cozy,Evenings,True
DriftBuilder272,Female,Survival,Weekends,True
AtlasRanger273,Other,Action,Mornings,True
CipherTycoon274,Male,Horror,Afternoons,True
NimbusRunner275,Female,Simulation,Evenings,True
YakBreaker276,Other,Strategy,Weekends,True
FalconOperator277,Male,Cozy,Mornings,True
AtlasTycoon278,Female,Survival,Afternoons,True
PixelBuilder279,Other,Action,Evenings,True
MythBreaker280,Male,Horror,Weekends,True
StrideCrafter281,Female,Simulation,Mornings,True
ZenGunner282,Other,Strategy,Afternoons,True
LumenGunner283,Male,Cozy,Evenings,True
PixelChief284,Female,Survival,Weekends,True
TurboForeman285,Other,Action,Mornings,True
AeroMonk286,Male,Horror,Afternoons,True
FalconPilot287,Female,Simulation,Evenings,True
DriftAlchemist288,Other,Strategy,Weekends,True
LynxArchitect289,Male,Cozy,Mornings,True
RiftGuardian290,Female,Survival,Afternoons,True
TurboSeeker291,Other,Action,Evenings,True
ArcMonk292,Male,Horror,Weekends,True
ViperWarden293,Female,Simulation,Mornings,True
FalconGunner294,Other,Strategy,Afternoons,True
MythCrafter295,Male,Cozy,Evenings,True
PumaChief296,Female,Survival,Weekends,True
PhantomArchitect297,Other,Action,Mornings,True
CometSeeker298,Male,Horror,Afternoons,True
TurboRover299,Female,Simulation,Evenings,True
WolfGuardian300,Other,Strategy,Weekends,True
ArcArchitect301,Male,Cozy,Mornings,True
BlitzSkater302,Female,Survival,Afternoons,True
LynxRider303,Other,Action,Evenings,True
MythAnchor304,Male,Horror,Weekends,True
TurboRanger305,Female,Simulation,Mornings,True
BadgerSamurai306,Other,Strategy,Afternoons,True
RuneGuardian307,Male,Cozy,Evenings,True
IbexPilot308,Female,Survival,Weekends,True
NimbusEngineer309,Other,Action,Mornings,True
ZenNomad310,Male,Horror,Afternoons,True
LumenNomad311,Female,Simulation,Evenings,True
MooseGlider312,Other,Strategy,Weekends,True
ZenMarshal313,Male,Cozy,Mornings,True
QuakeRider314,Female,Survival,Afternoons,True
MythCaster315,Other,Action,Evenings,True
YakWalker316,Male,Horror,Weekends,True
LynxOperator317,Female,Simulation,Mornings,True
AtlasMancer318,Other,Strategy,Afternoons,True
StrideSkater319,Male,Cozy,Evenings,True
AtlasWizard320,Female,Survival,Weekends,True
VortexCaster321,Other,Action,Mornings,True
CometSprinter322,Male,Horror,Afternoons,True
VoltArtisan323,Female,Simulation,Evenings,True
LynxArchitect324,Other,Strategy,Weekends,True
MinkGeneral325,Male,Cozy,Mornings,True
PixelVoyager326,Female,Survival,Afternoons,True
MantaTracker327,Other,Action,Evenings,True
NovaSprinter328,Male,Horror,Weekends,True
GlitchBuilder329,Female,Simulation,Mornings,True
KestrelWarden330,Other,Strategy,Afternoons,True
BlitzCaster331,Male,Cozy,Evenings,True
BlitzArtisan332,Female,Survival,Weekends,True
ArcSeeker333,Other,Action,Mornings,True
RavenWalker334,Male,Horror,Afternoons,True
OrcaCrafter335,Female,Simulation,Evenings,True
RiftGlider336,Other,Strategy,Weekends,True
VortexSaber337,Male,Cozy,Mornings,True
RiftSkater338,Female,Survival,Afternoons,True
KestrelPlanner339,Other,Action,Evenings,True
VoltMonk340,Male,Horror,Weekends,True
ShadowScout341,Female,Simulation,Mornings,True
ShadowSeeker342,Other,Strategy,Afternoons,True
NebulaEngineer343,Male,Cozy,Evenings,True
NovaChief344,Female,Survival,Weekends,True
NimbusSmith345,Other,Action,Mornings,True
QuakeAlchemist346,Male,Horror,Afternoons,True
PulseTycoon347,Female,Simulation,Evenings,True
KestrelAlchemist348,Other,Strategy,Weekends,True
PixelOperator349,Male,Cozy,Mornings,True
ViperSprinter350,Female,Survival,Afternoons,True
FrostGunner351,Other,Action,Evenings,True
BlitzRunner352,Male,Horror,Weekends,True
OtterChief353,Female,Simulation,Mornings,True
RiftChief354,Other,Strategy,Afternoons,True
OrcaBuilder355,Male,Cozy,Evenings,True
PhantomTycoon356,Female,Survival,Weekends,True
BadgerSkater357,Other,Action,Mornings,True
AeroSmith358,Male,Horror,Afternoons,True
MinkBaron359,Female,Simulation,Evenings,True
TurboCrafter360,Other,Strategy,Weekends,True
MythRover361,Male,Cozy,Mornings,True
YakMaestro362,Female,Survival,Afternoons,True
ZenRover363,Other,Action,Evenings,True
MythEngineer364,Male,Horror,Weekends,True
MantaCrafter365,Female,Simulation,Mornings,True
PumaTinker366,Other,Strategy,Afternoons,True
AeroCrafter367,Male,Cozy,Evenings,True
HuskyRover368,Female,Survival,Weekends,True
StrideBaron369,Other,Action,Mornings,True
FlareMonk370,Male,Horror,Afternoons,True
ArcWarden371,Female,Simulation,Evenings,True
OrcaRonin372,Other,Strategy,Weekends,True
ViperSamurai373,Male,Cozy,Mornings,True
OrcaSaber374,Female,Survival,Afternoons,True
RuneMancer375,Other,Action,Evenings,True
FlareGuardian376,Male,Horror,Weekends,True
JaguarBreaker377,Female,Simulation,Mornings,True
PixelWizard378,Other,Strategy,Afternoons,True
ShadowScout379,Male,Cozy,Evenings,True
NebulaMancer380,Female,Survival,Weekends,True
ZenSkater381,Other,Action,Mornings,True
ShadowNomad382,Male,Horror,Afternoons,True
TurboCrafter383,Female,Simulation,Evenings,True
ViperChief384,Other,Strategy,Weekends,True
PhantomForeman385,Male,Cozy,Mornings,True
FalconTinker386,Female,Survival,Afternoons,True
TurboPilot387,Other,Action,Evenings,True
MinkRonin388,Male,Horror,Weekends,True
PixelMarshal389,Female,Simulation,Mornings,True
VortexEngineer390,Other,Strategy,Afternoons,True
YakRover391,Male,Cozy,Evenings,True
GhostGuardian392,Female,Survival,Weekends,True
MythWeaver393,Other,Action,Mornings,True
FrostRonin394,Male,Horror,Afternoons,True
RavenMonk395,Female,Simulation,Evenings,True
RavenAlchemist396,Other,Strategy,Weekends,True
ArcTracker397,Male,Cozy,Mornings,True
CipherSamurai398,Female,Survival,Afternoons,True
IbexMancer399,Other,Action,Evenings,True
ForgeScout400,Male,Horror,Weekends,True
VortexRonin401,Female,Simulation,Mornings,True
BlitzAnchor402,Other,Strategy,Afternoons,True
LynxWizard403,Male,Cozy,Evenings,True
VortexGuardian404,Female,Survival,Weekends,True
RuneArtisan405,Other,Action,Mornings,True
PhantomPlanner406,Male,Horror,Afternoons,True
BisonWarden407,Female,Simulation,Evenings,True
TurboSmith408,Other,Strategy,Weekends,True
TalonAlchemist409,Male,Cozy,Mornings,True
RavenSamurai410,Female,Survival,Afternoons,True
IbisNomad411,Other,Action,Evenings,True
NebulaRunner412,Male,Horror,Weekends,True
WolfTracker413,Female,Simulation,Mornings,True
AtlasWalker414,Other,Strategy,Afternoons,True
JaguarTycoon415,Male,Cozy,Evenings,True
ShadowRonin416,Female,Survival,Weekends,True
LumenSniper417,Other,Action,Mornings,True
TalonWeaver418,Male,Horror,Afternoons,True
MantaPlanner419,Female,Simulation,Evenings,True
AeroVoyager420,Other,Strategy,Weekends,True
PhantomWeaver421,Male,Cozy,Mornings,True
VortexArtisan422,Female,Survival,Afternoons,True
StrideEngineer423,Other,Action,Evenings,True
WolfTracker424,Male,Horror,Weekends,True
VortexNomad425,Female,Simulation,Mornings,True
RuneSniper426,Other,Strategy,Afternoons,True
LynxPlanner427,Male,Cozy,Evenings,True
MinkBuilder428,Female,Survival,Weekends,True
TalonGuardian429,Other,Action,Mornings,True
ZenAnchor430,Male,Horror,Afternoons,True
NimbusGuardian431,Female,Simulation,Evenings,True
BadgerBuilder432,Other,Strategy,Weekends,True
NovaCaster433,Male,Cozy,Mornings,True
VortexSamurai434,Female,Survival,Afternoons,True
QuakeOracle435,Other,Action,Evenings,True
ShadowViking436,Male,Horror,Weekends,True
WolfSamurai437,Female,Simulation,Mornings,True
ArcSprinter438,Other,Strategy,Afternoons,True
LynxRover439,Male,Cozy,Evenings,True
ForgeTycoon440,Female,Survival,Weekends,True
ArcRover441,Other,Action,Mornings,True
ViperHarbor442,Male,Horror,Afternoons,True
GhostRunner443,Female,Simulation,Evenings,True
LumenWizard444,Other,Strategy,Weekends,True
StrideMonk445,Male,Cozy,Mornings,True
CometForeman446,Female,Survival,Afternoons,True
OrcaWizard447,Other,Action,Evenings,True
PulseBreaker448,Male,Horror,Weekends,True
AtlasOperator449,Female,Simulation,Mornings,True
IbisMaestro450,Other,Strategy,Afternoons,True
GhostDrifter451,Male,Cozy,Evenings,True
MinkWeaver452,Female,Survival,Weekends,True
CipherRunner453,Other,Action,Mornings,True
FlareBaron454,Male,Horror,Afternoons,True
CometSmith455,Female,Simulation,Evenings,True
ShadowMaestro456,Other,Strategy,Weekends,True
JaguarAlchemist457,Male,Cozy,Mornings,True
StrideArchitect458,Female,Survival,Afternoons,True
YakMancer459,Other,Action,Evenings,True
FlareWarden460,Male,Horror,Weekends,True
OrcaWarden461,Female,Simulation,Mornings,True
ZenWeaver462,Other,Strategy,Afternoons,True
VoltSkater463,Male,Cozy,Evenings,True
WolfArchitect464,Female,Survival,Weekends,True
RiftSaber465,Other,Action,Mornings,True
CipherGlider466,Male,Horror,Afternoons,True
ZenVoyager467,Female,Simulation,Evenings,True
MinkSniper468,Other,Strategy,Weekends,True
VortexKnight469,Male,Cozy,Mornings,True
PhantomAnchor470,Female,Survival,Afternoons,True
CometTinker471,Other,Action,Evenings,True
MooseGeneral472,Male,Horror,Weekends,True
WolfMarshal473,Female,Simulation,Mornings,True
CometScout474,Other,Strategy,Afternoons,True
AeroPlanner475,Male,Cozy,Evenings,True
KestrelCaster476,Female,Survival,Weekends,True
TurboSmith477,Other,Action,Mornings,True
RiftSaber478,Male,Horror,Afternoons,True
PhantomRover479,Female,Simulation,Evenings,True
VortexRover480,Other,Strategy,Weekends,True
ShadowCrafter481,Male,Cozy,Mornings,True
CometMaestro482,Female,Survival,Afternoons,True
EchoVoyager483,Other,Action,Evenings,True
ArcVoyager484,Male,Horror,Weekends,True
ShadowNomad485,Female,Simulation,Mornings,True
TurboMancer486,Other,Strategy,Afternoons,True
VoltSamurai487,Male,Cozy,Evenings,True
BisonPilot488,Female,Survival,Weekends,True
QuakeRanger489,Other,Action,Mornings,True
ForgeSkater490,Male,Horror,Afternoons,True
BadgerMaestro491,Female,Simulation,Evenings,True
RiftTycoon492,Other,Strategy,Weekends,True
QuakeSprinter493,Male,Cozy,Mornings,True
ArcDrifter494,Female,Survival,Afternoons,True
FrostWeaver495,Other,Action,Evenings,True
BlitzNomad496,Male,Horror,Weekends,True
ShadowSaber497,Female,Simulation,Mornings,True
OrcaPlanner498,Other,Strategy,Afternoons,True
RuneGunner499,Male,Cozy,Evenings,True
NebulaAlchemist500,Female,Survival,Weekends,True
IbisArchitect501,Other,Action,Mornings,True
RiftMancer502,Male,Horror,Afternoons,True
MythWizard503,Female,Simulation,Evenings,True
PumaRover504,Other,Strategy,Weekends,True
BlitzAnchor505,Male,Cozy,Mornings,True
VoltBuilder506,Female,Survival,Afternoons,True
LynxSmith507,Other,Action,Evenings,True
FalconGuardian508,Male,Horror,Weekends,True
VortexWeaver509,Female,Simulation,Mornings,True
OrcaSkater510,Other,Strategy,Afternoons,True
JaguarSamurai511,Male,Cozy,Evenings,True
RuneMancer512,Female,Survival,Weekends,True
ArcPlanner513,Other,Action,Mornings,True
MythRanger514,Male,Horror,Afternoons,True
JaguarPilot515,Female,Simulation,Evenings,True
TalonSmith516,Other,Strategy,Weekends,True
BadgerSkater517,Male,Cozy,Mornings,True
NimbusTinker518,Female,Survival,Afternoons,True
OrcaBuilder519,Other,Action,Evenings,True
OtterArchitect520,Male,Horror,Weekends,True
DriftMarshal521,Female,Simulation,Mornings,True
ArcSniper522,Other,Strategy,Afternoons,True
CipherTinker523,Male,Cozy,Evenings,True
IbexSkater524,Female,Survival,Weekends,True
PumaBreaker525,Other,Action,Mornings,True
MinkSprinter526,Male,Horror,Afternoons,True
ShadowKnight527,Female,Simulation,Evenings,True
MythDrifter528,Other,Strategy,Weekends,True
FalconSmith529,Male,Cozy,Mornings,True
MythPilot530,Female,Survival,Afternoons,True
BisonAlchemist531,Other,Action,Evenings,True
BadgerArchitect532,Male,Horror,Weekends,True
LumenChief533,Female,Simulation,Mornings,True
AeroArchitect534,Other,Strategy,Afternoons,True
FlareGunner535,Male,Cozy,Evenings,True
RavenRanger536,Female,Survival,Weekends,True
RiftSniper537,Other,Action,Mornings,True
MooseGunner538,Male,Horror,Afternoons,True
QuakeRonin539,Female,Simulation,Evenings,True
MoosePlanner540,Other,Strategy,Weekends,True
GlitchDrifter541,Male,Cozy,Mornings,True
ShadowOperator542,Female,Survival,Afternoons,True
OtterEngineer543,Other,Action,Evenings,True
VortexBaron544,Male,Horror,Weekends,True
ShadowGunner545,Female,Simulation,Mornings,True
OrcaVoyager546,Other,Strategy,Afternoons,True
PixelChief547,Male,Cozy,Evenings,True
PixelGunner548,Female,Survival,Weekends,True
ForgeMonk549,Other,Action,Mornings,True
MinkAlchemist550,Male,Horror,Afternoons,True
TalonSniper551,Female,Simulation,Evenings,True
PulseRider552,Other,Strategy,Weekends,True
OtterCrafter553,Male,Cozy,Mornings,True
AtlasAlchemist554,Female,Survival,Afternoons,True
LynxRider555,Other,Action,Evenings,True
OrcaBuilder556,Male,Horror,Weekends,True
RavenChief557,Female,Simulation,Mornings,True
PulseCaster558,Other,Strategy,Afternoons,True
PulseBaron559,Male,Cozy,Evenings,True
EchoRonin560,Female,Survival,Weekends,True
CipherWizard561,Other,Action,Mornings,True
OrcaGuardian562,Male,Horror,Afternoons,True
FalconMaestro563,Female,Simulation,Evenings,True
WolfChief564,Other,Strategy,Weekends,True
MythGlider565,Male,Cozy,Mornings,True
LynxSprinter566,Female,Survival,Afternoons,True
StrideHarbor567,Other,Action,Evenings,True
HuskySkater568,Male,Horror,Weekends,True
RavenCaster569,Female,Simulation,Mornings,True
MinkKnight570,Other,Strategy,Afternoons,True
RavenVoyager571,Male,Cozy,Evenings,True
GlitchRanger572,Female,Survival,Weekends,True
HuskyWizard573,Other,Action,Mornings,True
ArcScout574,Male,Horror,Afternoons,True
LumenTracker575,Female,Simulation,Evenings,True
BisonPilot576,Other,Strategy,Weekends,True
TalonPilot577,Male,Cozy,Mornings,True
AtlasSaber578,Female,Survival,Afternoons,True
BadgerMancer579,Other,Action,Evenings,True
OtterWeaver580,Male,Horror,Weekends,True
MinkCrafter581,Female,Simulation,Mornings,True
PulseDrifter582,Other,Strategy,Afternoons,True
QuakeMarshal583,Male,Cozy,Evenings,True
NovaSeeker584,Female,Survival,Weekends,True
IbexTycoon585,Other,Action,Mornings,True
TalonAlchemist586,Male,Horror,Afternoons,True
MooseSprinter587,Female,Simulation,Evenings,True
RiftNomad588,Other,Strategy,Weekends,True
MythGunner589,Male,Cozy,Mornings,True
ForgeViking590,Female,Survival,Afternoons,True
LynxGuardian591,Other,Action,Evenings,True
PulseSmith592,Male,Horror,Weekends,True
VortexGunner593,Female,Simulation,Mornings,True
MantaEngineer594,Other,Strategy,Afternoons,True
PhantomSprinter595,Male,Cozy,Evenings,True
EchoSprinter596,Female,Survival,Weekends,True
ZenSeeker597,Other,Action,Mornings,True
ForgePlanner598,Male,Horror,Afternoons,True
TalonWarden599,Female,Simulation,Evenings,True
ForgeTinker600,Other,Strategy,Weekends,True
FrostSmith601,Male,Cozy,Mornings,True
MinkGeneral602,Female,Survival,Afternoons,True
ViperViking603,Other,Action,Evenings,True
AtlasPlanner604,Male,Horror,Weekends,True
MantaTycoon605,Female,Simulation,Mornings,True
StrideBuilder606,Other,Strategy,Afternoons,True
BisonRanger607,Male,Cozy,Evenings,True
AtlasTycoon608,Female,Survival,Weekends,True
OrcaCrafter609,Other,Action,Mornings,True
CometArchitect610,Male,Horror,Afternoons,True
OrcaSkater611,Female,Simulation,Evenings,True
QuakeAnchor612,Other,Strategy,Weekends,True
BisonRonin613,Male,Cozy,Mornings,True
ArcAlchemist614,Female,Survival,Afternoons,True
ShadowBreaker615,Other,Action,Evenings,True
AeroOracle616,Male,Horror,Weekends,True
OrcaRonin617,Female,Simulation,Mornings,True
YakSaber618,Other,Strategy,Afternoons,True
QuakeWalker619,Male,Cozy,Evenings,True
NovaCrafter620,Female,Survival,Weekends,True
NimbusNomad621,Other,Action,Mornings,True
GlitchOperator622,Male,Horror,Afternoons,True
GhostArchitect623,Female,Simulation,Evenings,True
VoltRanger624,Other,Strategy,Weekends,True
FlareMancer625,Male,Cozy,Mornings,True
GhostTinker626,Female,Survival,Afternoons,True
IbisMonk627,Other,Action,Evenings,True
MooseArchitect628,Male,Horror,Weekends,True
AeroMancer629,Female,Simulation,Mornings,True
FrostGuardian630,Other,Strategy,Afternoons,True
IbexScout631,Male,Cozy,Evenings,True
QuakeSeeker632,Female,Survival,Weekends,True
TurboArchitect633,Other,Action,Mornings,True
BlitzWalker634,Male,Horror,Afternoons,True
FrostWeaver635,Female,Simulation,Evenings,True
TalonSeeker636,Other,Strategy,Weekends,True
RavenOracle637,Male,Cozy,Mornings,True
PhantomWarden638,Female,Survival,Afternoons,True
NimbusAlchemist639,Other,Action,Evenings,True
FlareSkater640,Male,Horror,Weekends,True
NebulaSamurai641,Female,Simulation,Mornings,True
TalonSaber642,Other,Strategy,Afternoons,True
JaguarVoyager643,Male,Cozy,Evenings,True
GlitchWarden644,Female,Survival,Weekends,True
ArcSprinter645,Other,Action,Mornings,True
AeroDrifter646,Male,Horror,Afternoons,True
HuskyCaster647,Female,Simulation,Evenings,True
FalconOperator648,Other,Strategy,Weekends,True
GhostHarbor649,Male,Cozy,Mornings,True
LumenBreaker650,Female,Survival,Afternoons,True
VortexAlchemist651,Other,Action,Evenings,True
CometBaron652,Male,Horror,Weekends,True
ViperSamurai653,Female,Simulation,Mornings,True
BisonCrafter654,Other,Strategy,Afternoons,True
ForgePlanner655,Male,Cozy,Evenings,True
IbexRunner656,Female,Survival,Weekends,True
FalconOperator657,Other,Action,Mornings,True
FlareWeaver658,Male,Horror,Afternoons,True
TurboMonk659,Female,Simulation,Evenings,True
CometTycoon660,Other,Strategy,Weekends,True
BisonRunner661,Male,Cozy,Mornings,True
CipherOperator662,Female,Survival,Afternoons,True
OrcaKnight663,Other,Action,Evenings,True
MythArtisan664,Male,Horror,Weekends,True
ArcSkater665,Female,Simulation,Mornings,True
RuneRonin666,Other,Strategy,Afternoons,True
MythBaron667,Male,Cozy,Evenings,True
VortexAnchor668,Female,Survival,Weekends,True
YakArtisan669,Other,Action,Mornings,True
GlitchMarshal670,Male,Horror,Afternoons,True
PumaBuilder671,Female,Simulation,Evenings,True
TalonMarshal672,Other,Strategy,Weekends,True
RuneGuardian673,Male,Cozy,Mornings,True
VoltHarbor674,Female,Survival,Afternoons,True
BlitzForeman675,Other,Action,Evenings,True
VoltAlchemist676,Male,Horror,Weekends,True
OrcaForeman677,Female,Simulation,Mornings,True
BlitzBreaker678,Other,Strategy,Afternoons,True
LynxWarden679,Male,Cozy,Evenings,True
NimbusMaestro680,Female,Survival,Weekends,True
CometAlchemist681,Other,Action,Mornings,True
CipherGlider682,Male,Horror,Afternoons,True
ShadowArtisan683,Female,Simulation,Evenings,True
DriftGunner684,Other,Strategy,Weekends,True
NimbusMarshal685,Male,Cozy,Mornings,True
PulseWarden686,Female,Survival,Afternoons,True
MooseTinker687,Other,Action,Evenings,True
TalonRanger688,Male,Horror,Weekends,True
MinkSaber689,Female,Simulation,Mornings,True
EchoChief690,Other,Strategy,Afternoons,True
BisonBreaker691,Male,Cozy,Evenings,True
ViperSkater692,Female,Survival,Weekends,True
GhostRover693,Other,Action,Mornings,True
ViperGlider694,Male,Horror,Afternoons,True
ZenDrifter695,Female,Simulation,Evenings,True
FlareMarshal696,Other,Strategy,Weekends,True
MythSeeker697,Male,Cozy,Mornings,True
PumaBaron698,Female,Survival,Afternoons,True
BisonCaster699,Other,Action,Evenings,True
PixelPlanner700,Male,Horror,Weekends,True
BisonSkater701,Female,Simulation,Mornings,True
AeroOperator702,Other,Strategy,Afternoons,True
StridePlanner703,Male,Cozy,Evenings,True
BlitzScout704,Female,Survival,Weekends,True
TurboBuilder705,Other,Action,Mornings,True
PhantomRonin706,Male,Horror,Afternoons,True
CometBreaker707,Female,Simulation,Evenings,True
BisonBreaker708,Other,Strategy,Weekends,True
MantaTinker709,Male,Cozy,Mornings,True
FalconGlider710,Female,Survival,Afternoons,True
PulseBaron711,Other,Action,Evenings,True
PhantomGeneral712,Male,Horror,Weekends,True
PixelNomad713,Female,Simulation,Mornings,True
FlareSprinter714,Other,Strategy,Afternoons,True
QuakeSkater715,Male,Cozy,Evenings,True
GhostMarshal716,Female,Survival,Weekends,True
LumenSkater717,Other,Action,Mornings,True
RiftDrifter718,Male,Horror,Afternoons,True
VortexSamurai719,Female,Simulation,Evenings,True
GhostAlchemist720,Other,Strategy,Weekends,True
OrcaSkater721,Male,Cozy,Mornings,True
QuakePlanner722,Female,Survival,Afternoons,True
AtlasPilot723,Other,Action,Evenings,True
KestrelForeman724,Male,Horror,Weekends,True
IbisPilot725,Female,Simulation,Mornings,True
RavenForeman726,Other,Strategy,Afternoons,True
PhantomPlanner727,Male,Cozy,Evenings,True
IbisBuilder728,Female,Survival,Weekends,True
TurboTycoon729,Other,Action,Mornings,True
FrostSkater730,Male,Horror,Afternoons,True
JaguarKnight731,Female,Simulation,Evenings,True
PumaGlider732,Other,Strategy,Weekends,True
BlitzEngineer733,Male,Cozy,Mornings,True
NovaForeman734,Female,Survival,Afternoons,True
ForgeChief735,Other,Action,Evenings,True
AeroWalker736,Male,Horror,Weekends,True
YakCaster737,Female,Simulation,Mornings,True
AtlasGunner738,Other,Strategy,Afternoons,True
FrostRanger739,Male,Cozy,Evenings,True
WolfMancer740,Female,Survival,Weekends,True
IbisKnight741,Other,Action,Mornings,True
BisonRover742,Male,Horror,Afternoons,True
HuskyAlchemist743,Female,Simulation,Evenings,True
OrcaOperator744,Other,Strategy,Weekends,True
PulseTycoon745,Male,Cozy,Mornings,True
VoltGlider746,Female,Survival,Afternoons,True
IbexEngineer747,Other,Action,Evenings,True
NebulaSkater748,Male,Horror,Weekends,True
MinkMarshal749,Female,Simulation,Mornings,True
FlareWalker750,Other,Strategy,Afternoons,True
IbexTracker751,Male,Cozy,Evenings,True
QuakeBuilder752,Female,Survival,Weekends,True
AtlasHarbor753,Other,Action,Mornings,True
NebulaWizard754,Male,Horror,Afternoons,True
YakBuilder755,Female,Simulation,Evenings,True
PulseScout756,Other,Strategy,Weekends,True
ZenViking757,Male,Cozy,Mornings,True
FrostTycoon758,Female,Survival,Afternoons,True
ShadowGuardian759,Other,Action,Evenings,True
BlitzSaber760,Male,Horror,Weekends,True
LumenViking761,Female,Simulation,Mornings,True
LumenChief762,Other,Strategy,Afternoons,True
ZenRonin763,Male,Cozy,Evenings,True
PumaCrafter764,Female,Survival,Weekends,True
BlitzGuardian765,Other,Action,Mornings,True
BisonRover766,Male,Horror,Afternoons,True
CometMonk767,Female,Simulation,Evenings,True
BisonPilot768,Other,Strategy,Weekends,True
HuskyOracle769,Male,Cozy,Mornings,True
QuakeCrafter770,Female,Survival,Afternoons,True
NovaEngineer771,Other,Action,Evenings,True
BisonBaron772,Male,Horror,Weekends,True
GlitchSprinter773,Female,Simulation,Mornings,True
NebulaTinker774,Other,Strategy,Afternoons,True
BadgerWeaver775,Male,Cozy,Evenings,True
MantaWizard776,Female,Survival,Weekends,True
WolfSaber777,Other,Action,Mornings,True
OtterWalker778,Male,Horror,Afternoons,True
AtlasChief779,Female,Simulation,Evenings,True
LumenTracker780,Other,Strategy,Weekends,True
BlitzMonk781,Male,Cozy,Mornings,True
MooseArtisan782,Female,Survival,Afternoons,True
DriftChief783,Other,Action,Evenings,True
VoltSeeker784,Male,Horror,Weekends,True
YakSkater785,Female,Simulation,Mornings,True
MythMancer786,Other,Strategy,Afternoons,True
VortexRanger787,Male,Cozy,Evenings,True
LynxPlanner788,Female,Survival,Weekends,True
PixelArchitect789,Other,Action,Mornings,True
HuskyTinker790,Male,Horror,Afternoons,True
AtlasViking791,Female,Simulation,Evenings,True
AtlasWeaver792,Other,Strategy,Weekends,True
TurboMonk793,Male,Cozy,Mornings,True
MythTinker794,Female,Survival,Afternoons,True
TurboMaestro795,Other,Action,Evenings,True
IbisArtisan796,Male,Horror,Weekends,True
RiftRonin797,Female,Simulation,Mornings,True
DriftRonin798,Other,Strategy,Afternoons,True
TalonBuilder799,Male,Cozy,Evenings,True
EchoGuardian800,Female,Survival,Weekends,True
KestrelWalker801,Other,Action,Mornings,True
JaguarMarshal802,Male,Horror,Afternoons,True
ArcSeeker803,Female,Simulation,Evenings,True
WolfPlanner804,Other,Strategy,Weekends,True
GlitchPilot805,Male,Cozy,Mornings,True
MythBuilder806,Female,Survival,Afternoons,True
LumenRonin807,Other,Action,Evenings,True
ZenMaestro808,Male,Horror,Weekends,True
EchoBaron809,Female,Simulation,Mornings,True
VortexGuardian810,Other,Strategy,Afternoons,True
TurboBaron811,Male,Cozy,Evenings,True
FlareCaster812,Female,Survival,Weekends,True
MantaRider813,Other,Action,Mornings,True
ShadowBuilder814,Male,Horror,Afternoons,True
ForgeMonk815,Female,Simulation,Evenings,True
OtterSaber816,Other,Strategy,Weekends,True
RavenBreaker817,Male,Cozy,Mornings,True
NovaAlchemist818,Female,Survival,Afternoons,True
DriftMaestro819,Other,Action,Evenings,True
JaguarGeneral820,Male,Horror,Weekends,True
BisonDrifter821,Female,Simulation,Mornings,True
PhantomMancer822,Other,Strategy,Afternoons,True
VoltWalker823,Male,Cozy,Evenings,True
IbisTycoon824,Female,Survival,Weekends,True
FlareTracker825,Other,Action,Mornings,True
FlareRunner826,Male,Horror,Afternoons,True
VortexSkater827,Female,Simulation,Evenings,True
FalconOperator828,Other,Strategy,Weekends,True
VortexChief829,Male,Cozy,Mornings,True
WolfSeeker830,Female,Survival,Afternoons,True
NebulaBaron831,Other,Action,Evenings,True
MantaPlanner832,Male,Horror,Weekends,True
IbisSkater833,Female,Simulation,Mornings,True
BisonWalker834,Other,Strategy,Afternoons,True
LumenGunner835,Male,Cozy,Evenings,True
ViperWizard836,Female,Survival,Weekends,True
JaguarPilot837,Other,Action,Mornings,True
FlareSmith838,Male,Horror,Afternoons,True
NimbusRanger839,Female,Simulation,Evenings,True
VortexWizard840,Other,Strategy,Weekends,True
ShadowGlider841,Male,Cozy,Mornings,True
NebulaWeaver842,Female,Survival,Afternoons,True
BadgerRider843,Other,Action,Evenings,True
BadgerTycoon844,Male,Horror,Weekends,True
ArcRider845,Female,Simulation,Mornings,True
MinkSniper846,Other,Strategy,Afternoons,True
PulseGlider847,Male,Cozy,Evenings,True
VortexWalker848,Female,Survival,Weekends,True
KestrelSaber849,Other,Action,Mornings,True
ZenAlchemist850,Male,Horror,Afternoons,True
RavenVoyager851,Female,Simulation,Evenings,True
CometGunner852,Other,Strategy,Weekends,True
QuakeMancer853,Male,Cozy,Mornings,True
FalconGunner854,Female,Survival,Afternoons,True
EchoMonk855,Other,Action,Evenings,True
ShadowMaestro856,Male,Horror,Weekends,True
WolfWalker857,Female,Simulation,Mornings,True
MantaAnchor858,Other,Strategy,Afternoons,True
NimbusSniper859,Male,Cozy,Evenings,True
OrcaMancer860,Female,Survival,Weekends,True
OtterGeneral861,Other,Action,Mornings,True
FalconGunner862,Male,Horror,Afternoons,True
MythCrafter863,Female,Simulation,Evenings,True
ForgePlanner864,Other,Strategy,Weekends,True
LynxOracle865,Male,Cozy,Mornings,True
ZenTinker866,Female,Survival,Afternoons,True
MantaOracle867,Other,Action,Evenings,True
PixelBuilder868,Male,Horror,Weekends,True
PixelSprinter869,Female,Simulation,Mornings,True
WolfSprinter870,Other,Strategy,Afternoons,True
RuneRover871,Male,Cozy,Evenings,True
TalonSprinter872,Female,Survival,Weekends,True
MooseAnchor873,Other,Action,Mornings,True
FrostTracker874,Male,Horror,Afternoons,True
CometPilot875,Female,Simulation,Evenings,True
OrcaSeeker876,Other,Strategy,Weekends,True
MythBuilder877,Male,Cozy,Mornings,True
AeroChief878,Female,Survival,Afternoons,True
YakBreaker879,Other,Action,Evenings,True
PixelMonk880,Male,Horror,Weekends,True
IbisTinker881,Female,Simulation,Mornings,True
StrideNomad882,Other,Strategy,Afternoons,True
GhostAlchemist883,Male,Cozy,Evenings,True
EchoWalker884,Female,Survival,Weekends,True
HuskyRunner885,Other,Action,Mornings,True
GlitchArchitect886,Male,Horror,Afternoons,True
OrcaOracle887,Female,Simulation,Evenings,True
ForgeScout888,Other,Strategy,Weekends,True
DriftMaestro889,Male,Cozy,Mornings,True
NovaRider890,Female,Survival,Afternoons,True
WolfChief891,Other,Action,Evenings,True
GlitchSaber892,Male,Horror,Weekends,True
CipherSkater893,Female,Simulation,Mornings,True
NebulaBreaker894,Other,Strategy,Afternoons,True
NovaRover895,Male,Cozy,Evenings,True
FrostPilot896,Female,Survival,Weekends,True
AeroEngineer897,Other,Action,Mornings,True
MythDrifter898,Male,Horror,Afternoons,True
IbexCaster899,Female,Simulation,Evenings,True
BadgerGuardian900,Other,Strategy,Weekends,True
YakMancer901,Male,Cozy,Mornings,True
FrostRunner902,Female,Survival,Afternoons,True
NovaTycoon903,Other,Action,Evenings,True
RiftRider904,Male,Horror,Weekends,True
TalonBuilder905,Female,Simulation,Mornings,True
JaguarMonk906,Other,Strategy,Afternoons,True
FrostCrafter907,Male,Cozy,Evenings,True
NovaMaestro908,Female,Survival,Weekends,True
HuskyCrafter909,Other,Action,Mornings,True
NimbusTinker910,Male,Horror,Afternoons,True
PixelRover911,Female,Simulation,Evenings,True
ViperTinker912,Other,Strategy,Weekends,True
JaguarWeaver913,Male,Cozy,Mornings,True
AeroRover914,Female,Survival,Afternoons,True
AeroNomad915,Other,Action,Evenings,True
PixelHarbor916,Male,Horror,Weekends,True
FlareSprinter917,Female,Simulation,Mornings,True
MythCaster918,Other,Strategy,Afternoons,True
PumaWizard919,Male,Cozy,Evenings,True
CipherKnight920,Female,Survival,Weekends,True
IbexMancer921,Other,Action,Mornings,True
FalconWarden922,Male,Horror,Afternoons,True
VoltWeaver923,Female,Simulation,Evenings,True
KestrelOracle924,Other,Strategy,Weekends,True
ZenArtisan925,Male,Cozy,Mornings,True
GhostAlchemist926,Female,Survival,Afternoons,True
EchoForeman927,Other,Action,Evenings,True
BlitzMancer928,Male,Horror,Weekends,True
TurboChief929,Female,Simulation,Mornings,True
IbisMancer930,Other,Strategy,Afternoons,True
PhantomGunner931,Male,Cozy,Evenings,True
GhostRunner932,Female,Survival,Weekends,True
PixelOracle933,Other,Action,Mornings,True
BisonOracle934,Male,Horror,Afternoons,True
NovaGuardian935,Female,Simulation,Evenings,True
ForgeDrifter936,Other,Strategy,Weekends,True
TalonMaestro937,Male,Cozy,Mornings,True
CipherMaestro938,Female,Survival,Afternoons,True
LumenMarshal939,Other,Action,Evenings,True
AtlasSniper940,Male,Horror,Weekends,True
YakWalker941,Female,Simulation,Mornings,True
MooseSmith942,Other,Strategy,Afternoons,True
VortexSamurai943,Male,Cozy,Evenings,True
VortexForeman944,Female,Survival,Weekends,True
LynxAlchemist945,Other,Action,Mornings,True
NimbusRunner946,Male,Horror,Afternoons,True
PhantomVoyager947,Female,Simulation,Evenings,True
BadgerMarshal948,Other,Strategy,Weekends,True
IbisGunner949,Male,Cozy,Mornings,True
NovaMaestro950,Female,Survival,Afternoons,True
MythEngineer951,Other,Action,Evenings,True
YakArchitect952,Male,Horror,Weekends,True
ArcMarshal953,Female,Simulation,Mornings,True
FalconOracle954,Other,Strategy,Afternoons,True
NimbusKnight955,Male,Cozy,Evenings,True
ZenSniper956,Female,Survival,Weekends,True
OrcaTracker957,Other,Action,Mornings,True
StrideRonin958,Male,Horror,Afternoons,True
ZenTracker959,Female,Simulation,Evenings,True
CipherSaber960,Other,Strategy,Weekends,True
ForgeWeaver961,Male,Cozy,Mornings,True
HuskyKnight962,Female,Survival,Afternoons,True
JaguarCaster963,Other,Action,Evenings,True
NebulaGunner964,Male,Horror,Weekends,True
RuneNomad965,Female,Simulation,Mornings,True
JaguarEngineer966,Other,Strategy,Afternoons,True
NebulaWeaver967,Male,Cozy,Evenings,True
VoltRanger968,Female,Survival,Weekends,True
FlareArtisan969,Other,Action,Mornings,True
PixelDrifter970,Male,Horror,Afternoons,True
RiftWizard971,Female,Simulation,Evenings,True
ForgeMancer972,Other,Strategy,Weekends,True
RavenSamurai973,Male,Cozy,Mornings,True
StrideBreaker974,Female,Survival,Afternoons,True
GlitchSeeker975,Other,Action,Evenings,True
BadgerTinker976,Male,Horror,Weekends,True
VoltCrafter977,Female,Simulation,Mornings,True
MinkMaestro978,Other,Strategy,Afternoons,True
ShadowGeneral979,Male,Cozy,Evenings,True
KestrelWalker980,Female,Survival,Weekends,True
BlitzCrafter981,Other,Action,Mornings,True
JaguarSamurai982,Male,Horror,Afternoons,True
LynxArchitect983,Female,Simulation,Evenings,True
FalconScout984,Other,Strategy,Weekends,True
QuakeTycoon985,Male,Cozy,Mornings,True
YakDrifter986,Female,Survival,Afternoons,True
KestrelSprinter987,Other,Action,Evenings,True
RiftViking988,Male,Horror,Weekends,True
ForgeMonk989,Female,Simulation,Mornings,True
ShadowOperator990,Other,Strategy,Afternoons,True
LynxSaber991,Male,Cozy,Evenings,True
ZenOracle992,Female,Survival,Weekends,True
JaguarSaber993,Other,Action,Mornings,True
ViperMancer994,Male,Horror,Afternoons,True
IbisKnight995,Female,Simulation,Evenings,True
FlareGuardian996,Other,Strategy,Weekends,True
MythArtisan997,Male,Cozy,Mornings,True
ShadowWalker998,Female,Survival,Afternoons,True
MantaSamurai999,Other,Action,Evenings,True
LumenRonin1000,Male,Horror,Weekends,True
JaguarTycoon1001,Female,Simulation,Mornings,True
QuakeDrifter1002,Other,Strategy,Afternoons,True
RiftMancer1003,Male,Cozy,Evenings,True
ShadowCaster1004,Female,Survival,Weekends,True
LumenGunner1005,Other,Action,Mornings,True
BisonCrafter1006,Male,Horror,Afternoons,True
FlareGlider1007,Female,Simulation,Evenings,True
RiftArchitect1008,Other,Strategy,Weekends,True
MinkScout1009,Male,Cozy,Mornings,True
RuneWalker1010,Female,Survival,Afternoons,True
WolfVoyager1011,Other,Action,Evenings,True
VortexSprinter1012,Male,Horror,Weekends,True
PulseDrifter1013,Female,Simulation,Mornings,True
JaguarRanger1014,Other,Strategy,Afternoons,True
FlareVoyager1015,Male,Cozy,Evenings,True
OtterSaber1016,Female,Survival,Weekends,True
MoosePilot1017,Other,Action,Mornings,True
CometViking1018,Male,Horror,Afternoons,True
GhostSkater1019,Female,Simulation,Evenings,True
FalconDrifter1020,Other,Strategy,Weekends,True